first_name,last_name,email,company,job_title,industry,recent_news_snippet
Ahmed,Ali,ahmed.ali@devsinc.com,Devsinc,CTO,Software Development,Recently launched v2.0 with microservices architecture
Sarah,Lopez,sarah.lopez@healthsmart.ai,HealthSmart,Head of Operations,HealthTech,Raised $5M Series A to expand telemedicine platform
Tom,Bennett,tom.bennett@datawave.io,DataWave,Engineering Manager,Data Analytics,Migrated infrastructure to cloud-native architecture
Maria,Rodriguez,maria.r@fintechpro.com,FinTechPro,VP Engineering,Financial Technology,Implemented new fraud detection algorithms
David,Kim,david.kim@retailnext.com,RetailNext,CTO,E-commerce,Launched AI-powered inventory management system
Lisa,Chen,lisa.chen@edutechsolutions.org,EduTech Solutions,Head of Product,Education Technology,Deployed learning analytics platform for universities
James,Wilson,james.w@logisticshub.net,LogisticsHub,Operations Director,Supply Chain,Automated warehouse operations with IoT sensors
Emma,Taylor,emma.taylor@cybersecpro.com,CyberSecPro,Security Director,Cybersecurity,Enhanced threat detection with machine learning
Ryan,Johnson,ryan.j@cloudfirstco.com,CloudFirst,Lead Architect,Cloud Infrastructure,Completed multi-cloud migration for enterprise clients
Nina,Patel,nina.patel@marketingai.co,MarketingAI,VP Marketing,Marketing Technology,Launched customer journey optimization platform
Alex,Brown,alex.brown@mobilefirstdev.com,MobileFirst,Senior Developer,Mobile Development,Released cross-platform app framework
Sophie,Davis,sophie.davis@iotconnect.io,IoT Connect,Product Manager,Internet of Things,Deployed smart building management solution
Michael,Garcia,michael.g@blockchainventures.com,Blockchain Ventures,Technical Director,Blockchain,Launched enterprise blockchain for supply chain
Kate,Miller,kate.miller@airesearch.org,AI Research,Research Lead,Artificial Intelligence,Published breakthrough in natural language processing
Chris,Anderson,chris.anderson@gamedevstudio.com,GameDev Studio,Creative Director,Gaming,Released award-winning VR game platform
